city,state,latitude,longitude
Phoenix,AZ,33.4484367,-112.074141
Brentwood,TN,36.0325687,-86.7825235
Austin,TX,30.2711286,-97.7436995
Albuquerque,NM,35.0841034,-106.650985
Philadelphia,PA,39.9527237,-75.1635262
Miami,FL,25.7741728,-80.19362
Hoboken,NJ,40.7433066,-74.0323752
Mechanicsville,VA,37.627722,-77.3538176
Cleveland,OH,41.4996574,-81.6936772
Los Angeles,CA,34.0536909,-118.242766
Denver,CO,39.7392364,-104.984862
VIenna,VA,38.9013729,-77.2651762
Bellevue,WA,47.6144219,-122.192337
New York,NY,40.7127281,-74.0060152
Kennesaw,GA,34.0234337,-84.6154897
Laguna Hills,CA,33.5948758,-117.6882067
Oceanside,CA,33.1958696,-117.379483
Nicholasville,KY,37.8806341,-84.5729961
The Villages,FL,28.9269978,-82.0041758
Boise,ID,43.6166163,-116.200886
San Francisco,CA,37.7792588,-122.4193286
Orem,UT,40.2981599,-111.6944313
College Station,TX,30.6183939,-96.3455991
Colonial Heights,VA,37.2555718,-77.4112016
Missoula,MT,46.8701049,-113.995267
Boca Raton,FL,26.3586885,-80.0830984
Tampa,FL,27.9477595,-82.458444
Seattle,WA,47.6038321,-122.330062
Knoxville,TN,35.9603948,-83.9210261
Apex,NC,35.7325352,-78.8505516
Madison,WI,43.074761,-89.3837613
Southfield,MI,42.4733689,-83.2218731
Parker,CO,39.5184514,-104.7612638
Bethesda,MD,38.9812725,-77.1233587
The Woodlands,TX,30.1734194,-95.504686
Dallas,TX,32.7762719,-96.7968559
Concord,CA,37.9768525,-122.0335624
Allentown,PA,40.6022059,-75.4712794
Minneapolis,MN,44.9772995,-93.2654692
Rancho Cordova,CA,38.5890723,-121.302728
Clarksburg,MD,39.2195565,-77.2678413
Melville,NY,40.7835914,-73.4075575
Lehi,UT,40.3881114,-111.8486019
Houston,TX,29.7589382,-95.3676974
Irving,TX,32.8295183,-96.9442177
Birmingham,AL,33.5206824,-86.8024326
Acton,MA,42.4850931,-71.43284
Mason,OH,39.3600586,-84.309939
Oak Park,MI,42.4595317,-83.1821445
Greenwood Village,CO,39.6172101,-104.950814
Atlanta,GA,33.7489924,-84.3902644
Naples,FL,26.1421976,-81.7942944
Chapel Hill,NC,35.9131542,-79.05578
Glen Allen,VA,37.664879,-77.4871236
Oakland,CA,37.8044557,-122.271356
Arlington,VA,38.8769326,-77.0893094
Pleasanton,CA,37.6624312,-121.8746789
Venice Beach,CA,33.9799601,-118.468771
Raleigh,NC,35.7803977,-78.6390989
Plainsboro,NJ,40.3334409,-74.6004341
Portland,ME,43.6573605,-70.2586618
Milton,PA,41.0177269,-76.853084
Flint,MI,43.0161693,-83.6900211
Towson,MD,39.3964591,-76.6148148
Overland Park,KS,38.9742502,-94.6851702
Frisco,TX,33.1505998,-96.8238183
Hayward,CA,37.6688205,-122.080796
Provo,UT,40.2337289,-111.6587085
San Juan Capistrano,CA,33.5016932,-117.6625509
San Jose,CA,37.3361663,-121.890591
Chicago,IL,41.8755616,-87.6244212
LOUISVILLE,KY,38.2542376,-85.759407
Hudsonville,MI,42.870889,-85.865235
White Plains,NY,41.0339862,-73.7629097
Woodland Hills,CA,34.1684364,-118.6058382
San Diego,CA,32.7174202,-117.162772
Columbus,OH,39.9622601,-83.0007065
Mooresville,NC,35.5848596,-80.8100724
Fort Lee,NJ,40.8509333,-73.9701382
Alexandria,VA,38.8051095,-77.0470229
Colleyville,TX,32.8809603,-97.155012
Santa Monica,CA,34.0194704,-118.491227
Hamburg,NY,42.716293,-78.828717
Herndon,VA,38.9695316,-77.3859479
Columbia,IL,38.4428078,-90.1997949
PENSACOLA,FL,30.421309,-87.2169149
Solana Beach,CA,32.9905597,-117.269131
Santa Ana,CA,33.7494951,-117.873221
Grand Rapids,MI,42.9632425,-85.6678639
Norwalk,CT,41.1175966,-73.4078968
Scottsdale,AZ,33.4942189,-111.926018
Fort Lauderdale,FL,26.1223084,-80.1433786
Cortland,OH,41.3301374,-80.7252433
Clearwater,FL,27.9658533,-82.8001026
Tysons Corner,VA,38.9191272,-77.2229636
scottsdale,AZ,33.4942189,-111.926018
Hicksville,NY,40.7695303,-73.5293246
San Mateo,CA,37.496904,-122.3330573
West Chester,PA,39.9597213,-75.6059638
San Antonio,TX,29.4246002,-98.4951405
Marlton,NJ,39.9005585,-74.9338911
Temecula,CA,33.4946353,-117.147366
Vienna,VA,38.9013729,-77.2651762
Silver Spring,MD,38.9997621,-77.0240371
Fairfax,VA,38.8462236,-77.3063733
Las Vegas,NV,36.171697,-115.1463536
Fargo,ND,46.877229,-96.789821
Sausalito,CA,37.8590272,-122.485469
Florida,FL,27.25,-81.25
Nashua,NH,42.7656251,-71.4677032
Deerfield Beach,FL,26.318342,-80.0996306
Lake Balboa,CA,34.1938237,-118.5010456
Boston,MA,42.3554334,-71.060511
Pasadena,CA,34.1476507,-118.144155
Amherst,NY,42.9783924,-78.7997616
Hillsborough,NC,36.0752088,-79.0992085
Waunakee,WI,43.1919623,-89.4548402
Gaithersburg,MD,39.1399187,-77.1929215
Temple Terrace,FL,28.0352964,-82.3892596
St. Louis,MO,38.6280278,-90.1910154
Noblesville,IN,40.0455918,-86.0085955
"Chandler,",AZ,33.3062031,-111.841185
Brooklyn,NY,40.6526006,-73.9497211
Poway,CA,32.9628234,-117.035864
Germantown,TN,35.0867577,-89.8100858
Redmond,WA,47.6694141,-122.1238767
Brookhaven,GA,33.8584368,-84.340203
Sterling,VA,39.003685,-77.4083096
Parsippany-Troy Hills,NJ,40.8646542,-74.4157768
Rockville,MD,39.0817985,-77.1516844
orlando,FL,28.5421109,-81.3790304
San Luis Obispo,CA,35.3540209,-120.375716
Irvine,CA,33.6856969,-117.825981
Middle River,MD,39.3416961,-76.4271818
Washington,DC,38.8950368,-77.0365427
Walnut,CA,34.0203253,-117.8659441
Kansas City,MO,39.100105,-94.5781416
Berwyn,IL,41.8505874,-87.7936685
North Hollywood,CA,34.1649502,-118.374752
Canoga Park,CA,34.2011078,-118.5978087
Orlando,FL,28.5421109,-81.3790304
SANFORD,FL,28.8117345,-81.2680223
Omaha,NE,41.2587459,-95.9383758
Sarasota,FL,27.3365805,-82.5308545
Chattanooga,TN,35.0457219,-85.3094883
North Kansas City,MO,39.1432057,-94.5733988
Cheyenne,WY,41.139981,-104.820246
New York City,NY,40.7127281,-74.0060152
South Plainfield,NJ,40.5792701,-74.4115401
MURRIETA,CA,33.560832,-117.210656
SAN CLEMENTE,CA,33.4270275,-117.6124179
san antonio,TX,29.4246002,-98.4951405
Wilmington,NC,34.2257282,-77.9447107
Red Bank,NJ,40.3470543,-74.0643065
Suffern,NY,41.1151372,-74.1493948
Virginia Beach,VA,36.8496579,-75.9760751
Suwanee,GA,34.0514898,-84.0712997
Cleveland,MO,38.6791771,-94.593566
Sacramento,CA,38.5810606,-121.493895
Round Rock,TX,30.5085915,-97.6788056
La Jolla,CA,32.8401623,-117.2740777
LARGO,MD,38.8824538,-76.8285746
Chico,CA,39.7284945,-121.8374777
Lancaster,PA,40.0379958,-76.3056707
Cary,NC,35.7882893,-78.7812081
Doral,FL,25.8195424,-80.3553302
LaSalle,CO,41.3333679,-89.0917497
Indianapolis,IN,39.7683331,-86.1583502
Loveland,CO,40.3977612,-105.07498
Burlington,MA,42.5048167,-71.1956111
Garden City,ID,43.622111,-116.238178
Royal Oak,MI,42.4894801,-83.1446485
Valley Stream,NY,40.6631362,-73.7056955
Long Beach,CA,33.7690164,-118.191604
American Fork,UT,40.3768064,-111.7959146
Plain City,OH,40.1078821,-83.2669677
"Linthicum, MD 21090",MD,39.2039094,-76.6597094
HAUPPAUGE,NY,40.8237354,-73.2062289
hacienda heights,CA,33.9930677,-117.968675
Elmhurst,IL,41.8994745,-87.9403418
Vancouver,WA,45.6306954,-122.6744557
Pittsburgh,PA,40.4416941,-79.9900861
Mount Pleasant,SC,32.7940651,-79.8625851
Greenbelt,MD,39.004607,-76.8756838
Evanston,IL,42.0470043,-87.6846053
NEWTON CENTER,MA,41.4475779,-75.783805
Hoffman Estates,IL,42.0427256,-88.0792782
Charleston,SC,32.7884363,-79.9399309
Jacksonville,FL,30.3321838,-81.655651
Simpsonville,SC,34.7373045,-82.255371
Birmimgham,AL,,
Metairie,LA,30.0018546,-90.1767012
Valencia,CA,34.4131941,-118.559849
Odessa,FL,28.183222,-82.5540279
Marietta,GA,33.9528472,-84.5496148
Melbourne,FL,28.0785034,-80.6077908
Hayden,ID,47.7590638,-116.7866807
doral,FL,25.8195424,-80.3553302
Richland,WA,46.2804298,-119.275205
Santa Clara,CA,37.3541132,-121.955174
Mobile,AL,30.6913462,-88.0437509
Solana Bech,CA,,
Dayton,OH,39.7589478,-84.1916069
Miami Beach,FL,25.7929198,-80.1353006
Venice,CA,33.995044,-118.4668875
Fontana,CA,34.0922947,-117.43433
Lafayette,LA,30.2262187,-92.0178202
Prospect,KY,38.3459615,-85.6046048
ALLEN,TX,33.1031744,-96.6705503
Mountain View,CA,37.3893889,-122.0832101
Newport Beach,CA,33.6170092,-117.9294401
Saint Augustine,FL,29.8946952,-81.3145395
Fort Worth,TX,32.753177,-97.3327459
Lansing,MI,42.7338254,-84.5546295
Buford,GA,34.1206564,-84.0043513
West Palm Beach,FL,26.715364,-80.0532942
Fairhope,AL,30.5231647,-87.9028458
Lubbock,TX,33.5855677,-101.8470215
Millersville,MD,39.0595542,-76.6480219
San Juan,PR,18.384239,-66.05344
Cincinnati,OH,39.1014537,-84.5124602
Bolingbrook,IL,41.7003302,-88.0717708
Culver City,CA,34.0211224,-118.396466
Piscataway,NJ,40.5462553,-74.4660408
Oak Brook,IL,41.8328085,-87.9289504
Costa Mesa,CA,33.6633386,-117.903317
Lombard,IL,41.8864687,-88.0201536
Saint Louis,MO,38.6280278,-90.1910154
Redondo Beach,CA,33.8398289,-118.3845942
manassas,VA,38.7509488,-77.4752667
Post Falls,ID,47.7110106,-116.9480877
Carmel,IN,39.9784186,-86.1283681
Mt Pleasant,SC,32.7940651,-79.8625851
Zephyrhills,FL,28.2336196,-82.1811947
Pembroke Pines,FL,26.0061943,-80.2872086
Tempe,AZ,33.4255117,-111.940016
Leawood,KS,38.966673,-94.6169012
Pleasant Grove,UT,40.3640349,-111.7386884
Trevose,PA,40.1392766,-74.9810019
Stafford,VA,38.4167265,-77.4579783
King of Prussia,PA,40.0947624,-75.3851334
South Salt Lake,UT,40.7074741,-111.88827
Nashville,TN,36.1622767,-86.7742984
Hamilton,NJ,40.2552939,-74.7038183
Burlingame,CA,37.5780965,-122.3473099
Lincoln,NE,40.8088861,-96.7077751
Portland,OR,45.5202471,-122.674194
Plano,TX,33.0136764,-96.6925096
Coral Springs,FL,26.271192,-80.2706044
Topanga,CA,34.0675866,-118.595672
Cerritos,CA,33.8644291,-118.0539323
Marina Del Rey,CA,33.9776848,-118.448647
Allegan,MI,42.5867203,-85.8861492
Reston,VA,38.953282,-77.3464516
Milwaukee,WI,43.0386475,-87.9090751
AURORA,TX,33.0595799,-97.511071
Breckenridge,CO,39.4829124,-106.0465486
Charlotte,NC,35.2272086,-80.8430827
New Haven,CT,41.3082138,-72.9250518
kent,OH,41.1513108,-81.3578047
Richmond,VA,37.5385087,-77.43428
Greenwood,IN,39.6136987,-86.1095429
Evans,GA,32.1613648,-81.8980725
Eagle,ID,43.6954424,-116.3540138
Van Nuys,CA,34.1866193,-118.4486675
Alton,IL,38.8908583,-90.1843091
Batavia,IL,41.8500284,-88.3125738
Livonia,MI,42.36837,-83.3527097
Emerald Isle,NC,34.6653135,-77.0382187
Iowa City,IA,41.6612561,-91.5299106
Please Select,LA,,
Tustin,CA,33.7458511,-117.826166
Schaumberg,IL,,
SAN GABRIEL,CA,34.0990995,-118.1085554
Brunswick,ME,43.9166529,-69.9659438
Edmond,OK,35.6571367,-97.4649038
Leesburg,VA,39.1154506,-77.5645607
Perry Hall,MD,39.4073054,-76.4796552
Wylie,TX,33.0151561,-96.5388038
LEESBURG,VA,39.1154506,-77.5645607
Gig Harbor,WA,47.3259697,-122.5878659
Alpharetta,GA,34.0709576,-84.2747329
Fishers,IN,39.9555928,-86.0138729
Walnut Creek,CA,37.9020731,-122.0618702
Aventura,FL,25.9564812,-80.1392121
Des Moines,IA,41.5868654,-93.6249494
Boulder,CO,40.0149856,-105.270545
Belleville,NJ,40.7937116,-74.1501438
Glendale,CA,34.1469416,-118.2478471
Columbia,SC,34.000754,-81.0352313
Gastonia,NC,35.2622654,-81.1838186
Annapolis,MD,38.9786401,-76.492786
Mount Dora,FL,28.8004955,-81.6446961
Goleta,CA,34.4358295,-119.8276389
Mclean,VA,38.9366852,-77.185843
Plymouth Meeting,PA,40.102332,-75.2743467
HOLMEN,WI,43.9632211,-91.2563658
Blaine,MN,45.1607987,-93.2349489
Santa Clarita,CA,34.4127963,-118.5538088
Sewickley,PA,40.5403417,-80.1805269
Westminster,CO,39.8366528,-105.0372046
Brossard,LA,34.183495,-118.8652423
Bloomingdale,IL,41.9575285,-88.0809036
Spokane,WA,47.6571934,-117.42351
Stafford,TX,29.6160671,-95.5577221
COLONIAL HEIGHTS,VA,37.2555718,-77.4112016
Annapolis Junction,MD,39.1189964,-76.7963417
ST LOUIS,MO,38.6280278,-90.1910154
Keller,TX,32.9299655,-97.2271249
Tucson,AZ,32.2228765,-110.974847
Bedford,MA,42.4917301,-71.2817947
Bayside,NY,40.7631203,-73.7707449
Aberdeen,NC,35.131547,-79.4294789
Liberty,MO,39.246479,-94.419079
Colonial Beach,VA,38.2512549,-76.9628158
Littleton,CO,39.613321,-105.016649
Dublin,OH,40.0996009,-83.1135563
Henderson,NV,36.0319843,-114.9822486
Tigard,OR,45.4307473,-122.771933
PORTAGE,MI,42.2011538,-85.5800022
Louisville,KY,38.2542376,-85.759407
Buffalo,NY,42.8867166,-78.8783922
Dublin,CA,37.7021521,-121.9357918
Bozeman,MT,45.6794293,-111.044047
Plainview,NY,40.7834607,-73.4738844
Woodbridge,NJ,40.55418,-74.2860008
Baltimore,MD,39.2908816,-76.610759
Foster City,CA,37.5600336,-122.2688522
Campbell,CA,37.2870626,-121.944881
Syracuse,NY,43.0481221,-76.1474244
Pearland,TX,29.5639758,-95.2864299
Woodbine,MD,39.359942,-77.0620833
Nesconset,NY,40.845094,-73.1523119
Lakeland,FL,28.0394654,-81.9498042
Lincolnshire,IL,42.1900249,-87.9084039
Haverhill,MA,42.7777829,-71.0767724
Jackson,WY,43.479965,-110.761815
Grants Pass,OR,42.4393707,-123.3272489
Coral Gables,FL,25.7331105,-80.2585107
Skokie,IL,42.0262972,-87.7521069
Bothell,WA,47.7623204,-122.2054035
North Myrtle Beach,SC,33.8278405,-78.6800323
NAPERVILLE,IL,41.7728699,-88.1479278
Rochester,NY,43.157285,-77.615214
Berkeley,CA,37.8708393,-122.272863
Dania Beach,FL,26.0524224,-80.143929
Midwest City,OK,35.4495097,-97.3967025
Sandy,UT,40.5710454,-111.8953815
Salt Lake City,UT,40.7596198,-111.886797
Novato,CA,38.1061979,-122.5681191
Minnetonka,MN,44.9405086,-93.4638936
Huntsville,AL,34.729847,-86.5859011
Woodbridge,VA,38.636447,-77.2676335
Stamford,CT,41.0534302,-73.5387341
Renton,WA,47.4799078,-122.2034496
Draper,UT,40.5247777,-111.8627989
troy,MI,42.6055893,-83.1499304
Newtown,CT,41.4134764,-73.3086445
athens,GA,33.9597677,-83.376398
St. Charles,MO,38.7877791,-90.6747372
Ashburn,VA,39.029784,-77.4744148
Meridian,ID,43.6086295,-116.392326
Peachtree Corners,GA,33.9701009,-84.2215869
Commerce Twp,MI,42.5911431,-83.4907721
Haltom City,TX,32.7995738,-97.2691817
Tallahassee,FL,30.4380832,-84.2809332
Emeryville,CA,37.8314089,-122.2865266
El Segundo,CA,33.917028,-118.4156337
Tomball,TX,30.0971621,-95.6160549
Palo Alto,CA,37.4443293,-122.1598465
Baraboo,WI,43.4704014,-89.7437844
South River,NJ,40.446495,-74.3859831
South San Francisco,CA,37.6535403,-122.4168664
Swanton,OH,41.5906822,-83.8931809
Lafayette,CO,39.9935959,-105.089705
Hope Mills,NC,34.9704419,-78.9453056
Sonoma,CA,38.5110803,-122.8473388
Suisun City,CA,38.2382474,-122.040244
Rochester,MI,42.680588,-83.1338214
Exton,PA,40.0299755,-75.6290456
Fayetteville,AR,36.0625843,-94.1574328
Charlottesville,VA,38.029306,-78.4766781
South Jordan,UT,40.5584882,-111.9367107
Springfield,VA,38.7749935,-77.1803819
highland,UT,40.427176,-111.7891709
Kirkland,WA,47.6765382,-122.2070775
Holmdel,NJ,40.3451095,-74.1840322
Baton Rouge,LA,30.4494155,-91.1869659
Colorado Springs,CO,38.8339578,-104.825348
Lakewood,CO,39.7085736,-105.0846694
Evergreen,CO,39.6361637,-105.321458
Longmont,CO,40.1672117,-105.101928
Hanahan,SC,32.9138914,-80.0088359
Silverado,CA,33.7461295,-117.6369939
Harrisburg,NC,35.3258295,-80.6454979
Addison,TX,32.9601192,-96.8300029
Downers Grove,IL,41.7936822,-88.0102281
TOLEDO,OH,41.6529143,-83.5378173
Haddonfield,NJ,39.8915022,-75.0376707
IRVINE,CA,33.6856969,-117.825981
Fort Myers,FL,26.640628,-81.8723084
Wilmington,DE,39.7459468,-75.546589
"Washington, D.C.",DC,38.8950368,-77.0365427
Bay Shore,NY,40.7276525,-73.2435218
Hartford,CT,41.764582,-72.6908547
Manassas,VA,38.7509488,-77.4752667
Rancho Santa Fe,CA,33.0242314,-117.1979781
Southlake,TX,32.9412363,-97.1341783
Dunbar,PA,39.977928,-79.6143059
Ballwin,MO,38.5961694,-90.5387318
Chesterton,IN,41.6107243,-87.0522661
ALPHARETTA,GA,34.0709576,-84.2747329
SHAWNEE,KS,39.0273676,-95.7627535
Calabasas,CA,34.1446643,-118.644097
Idaho Falls,ID,43.4887907,-112.03628
Arlington Heights,IL,42.0811563,-87.9802164
Greer,SC,34.9381361,-82.2272119
CINCINNATI,OH,39.1014537,-84.5124602
Santa Cruz,CA,37.050096,-121.99059
Louisville,CO,39.977763,-105.1319296
Holly Springs,NC,35.6512655,-78.8336218
:Livermore,CA,37.6820583,-121.768053
Lexington,KY,38.0464066,-84.4970393
ROYAL OAK,MI,42.4894801,-83.1446485
Anaheim,CA,33.8347516,-117.911732
Midland,TX,31.83688,-102.0103767
Covingtom,LA,,
Tysons,VA,38.9191272,-77.2229636
Meadow Vista,CA,39.0016485,-121.0356754
Akron,OH,41.083064,-81.518485
McLean,VA,38.9366852,-77.185843
Kentwood,MI,42.8694731,-85.6447492
Grapevine,TX,32.9337381,-97.0788754
"Sandy Springs,",GA,33.9242688,-84.3785379
Honesdale,PA,41.5771005,-75.2580212
Santa Rosa,CA,38.4404925,-122.7141049
Bartonville,TX,33.0731775,-97.1316788
New Melle,MO,38.7090342,-90.8812787
"Wilmington, MA",MA,42.5464828,-71.1736669
Greensboro,NC,36.0726355,-79.7919754
Chicao,IL,,
Washington,WA,45.5823774,-122.3509646
fresno,CA,36.7394421,-119.78483
Broomfield,CO,39.9403995,-105.05208
Miamisburg,OH,39.6428362,-84.2866083
Vidalia,LA,31.5654441,-91.4259495
Park City,UT,40.6460921,-111.4979963
Medford,MA,42.4184296,-71.1061639
Westlake,OH,41.4553232,-81.9179174
Bismarck,ND,46.808327,-100.783739
La Crescenta,CA,34.230429,-118.2350733
Summit,NJ,40.7182356,-74.3592296
SF,CA,37.7792588,-122.4193286
Grafton,WI,43.3195224,-87.9517842
Greenville,SC,34.851354,-82.3984882
Rosslyn,VA,38.8959791,-77.0709087
Waterville,ME,44.5524176,-69.6313607
Bedford Hts,OH,41.4143826,-81.5061146
Rapid City,SD,44.0806041,-103.228023
Auburn,AL,32.6098566,-85.4807825
Olivette,MO,38.6653297,-90.3759499
Palm Harbor,FL,28.0856815,-82.756907
Lewiston,ME,44.1004515,-70.2150294
Ocala,FL,29.1871986,-82.1400923
Holladay,UT,40.6710765,-111.8250278
Grain Valley,MO,39.0187651,-94.1976452
Derwood,MD,39.114202,-77.149509
Durham,NC,35.996653,-78.9018053
Pompano Beach,FL,26.2378597,-80.1247667
Huntersville,NC,35.4108278,-80.8429304
kenilworth,NJ,40.6771374,-74.2870715
Iselin,NJ,40.569335,-74.3151125
Bethlehem,PA,40.6178915,-75.3786521
FELTON,CA,37.0513364,-122.07329
LEE,NH,43.12354,-71.011505
Webster,TX,29.5351724,-95.1161564
MESA,AZ,33.4151005,-111.831455
Laguna Niguel,CA,33.5225261,-117.7075526
Medina,OH,41.1000764,-81.9382517
Bellingham,WA,48.7544012,-122.478836
Detroit,MI,42.3315509,-83.0466403
Fruita,CO,39.1588697,-108.728988
Little Rock,AR,34.7465071,-92.2896267
Milford,OH,39.174625,-84.2958988
ALBANY,NY,42.6511674,-73.754968
Hauppauge,NY,40.8237354,-73.2062289
Sugar Land,TX,29.6196787,-95.6349463
Nappanee,IN,41.4427856,-86.0013699
Centennial,CO,39.579155,-104.8769227
Beverly,MA,42.5489744,-70.8781883
St Petersburg,FL,27.7700475,-82.6359078
New York city,NY,40.7127281,-74.0060152
TACOMA,WA,47.2455013,-122.438329
Chambersburg,PA,39.9375112,-77.6612586
Hamden,CT,41.3959302,-72.8968574
New Orleans,LA,29.9759983,-90.0782127
Carlsbad,CA,33.1580933,-117.3505966
Mount Laurel,NJ,39.934002,-74.8909988
memphis,TN,35.1460249,-90.0517638
Halfmoon,NY,42.8275774,-73.7178967
Ambridge,PA,40.586438,-80.2273615
North Charleston,SC,32.8546197,-79.9748103
Norcross,GA,33.9412127,-84.2135309
Jordan,NY,43.0653441,-76.4729927
Centerville,UT,40.9180005,-111.8721601
Camden,NJ,39.9448402,-75.1198911
Duluth,GA,34.0028569,-84.1441046
Stuart,FL,27.197983,-80.2519175
Spicewood,TX,30.4759222,-98.1566355
Warwick,PA,40.2491854,-75.0764332
San Marino,CA,34.1215947,-118.105739
Newhall,CA,34.3798765,-118.5291917
Cherry Hill,NJ,39.9348351,-75.0307264
Framingham,MA,42.2773177,-71.4165905
Kenosha,WI,42.5846773,-87.8212263
Caribou,ME,46.8606301,-68.0116807
Santa Barbara,CA,34.4221319,-119.702667
Houston,PA,40.2464593,-80.2114472
Chino,CA,34.0133561,-117.690075
Spokane Valley,WA,47.6571104,-117.2613936
plymouth,MN,45.0065149,-93.46651
N. Huntingdon,PA,40.3372785,-79.7482074
Plymouth,MA,41.9426657,-70.7618592
Riverside,CA,33.9824949,-117.374238
Irving Texas,TX,32.8295183,-96.9442177
Euless,TX,32.8370727,-97.0819541
Bluffdale,UT,40.4898176,-111.939284
Oxford,CT,41.4351795,-73.1172769
Troy,NY,42.7284117,-73.6917878
St Louis,MO,38.6280278,-90.1910154
Mesa,AZ,33.4151005,-111.831455
West Fargo,ND,46.874967,-96.900362
SANTA CRUZ,CA,37.050096,-121.99059
Worcester,MA,42.2625621,-71.8018877
Ann Arbor,MI,42.2813722,-83.7484616
Toledo,OH,41.6529143,-83.5378173
Statesville,NC,35.7826363,-80.8872959
New York,NJ,40.7850935,-74.0213412
Elk city,OK,35.4140081,-99.4138648
Cedar Falls,IA,42.5361805,-92.447758
Chandler,AZ,33.3062031,-111.841185
Eagan,MN,44.818173,-93.1659179
DAVIS,CA,38.5435526,-121.739005
Bala Cynwyd,PA,40.0076125,-75.2340695
Havre de Grace,MD,39.548827,-76.0898259
Beverly Hills,CA,34.0696501,-118.3963062
Bronx,NY,40.8466508,-73.8785937
Madisonville,TX,30.9498688,-95.9127773
Lake Mary,FL,28.7562749,-81.322093
Mountain Top,PA,41.1423516,-75.8936803
Land O' Lakes,FL,28.2144905,-82.4455929
Glendale,AZ,33.5386858,-112.185994
Brandon,SD,43.5909294,-96.5874544
Saint Peters,MO,38.791612,-90.5958468
Woodstock,GA,34.1014112,-84.5192192
richmond,VA,37.5385087,-77.43428
Garden City,NY,40.7266477,-73.6343052
Ogden,UT,41.2230048,-111.9738429
Tabor CIty,NC,34.1487804,-78.8766916
Bradenton,FL,27.4989278,-82.5748194
Greenland,NH,43.0361995,-70.8328322
Gainesville,FL,29.6519684,-82.3249846
Paramus,NJ,40.9452911,-74.0735899
East Hampton,NY,40.9633868,-72.1847598
Hudson Oaks,TX,32.7570729,-97.7066952
RIVERSIDE,CA,33.9824949,-117.374238
Waxhaw,NC,34.9248125,-80.7440174
Palm Bay,FL,27.9946969,-80.6366144
FREEHOLD,NJ,40.2601096,-74.2737573
San Marcos,CA,33.1352995,-117.1743395
Roy,UT,41.1715361,-112.0273739
Dulles,VA,38.9646244,-77.4463445
Brookshire,TX,29.7860643,-95.9510661
Lake Oswego,OR,45.4206749,-122.670649
Newtown Square,PA,39.9868117,-75.4007633
Stoneham,MA,42.4802635,-71.0993581
GREENVILLE,SC,34.851354,-82.3984882
Pine Brook,NJ,40.8662875,-74.3416504
Columbia,MD,39.1938429,-76.8646092
Wenatchee,WA,47.4234599,-120.310349
Colorad Springs,CO,,
Rhome,TX,33.0534563,-97.4719662
Redwood City,CA,37.4863239,-122.232523
Tulsa,OK,36.1563122,-95.9927516
CEDAR PARK,TX,30.5217116,-97.827833
Saint Paul,MN,44.9497487,-93.0931028
Chesterfield,MO,38.661953,-90.5643258
Eugene,OR,44.0505054,-123.0950506
Layton,UT,41.0751048,-111.9741925
Reno,NV,39.5261206,-119.8126581
Bee Caves,TX,30.2432998,-97.8769131
Arlignton,TX,,
Woods Cross,UT,40.8716501,-111.892159
Fredericksburg,VA,38.3031837,-77.4605399
Avon,IN,39.7628227,-86.3997168
Greenville,SD,,
Foothill Ranch,CA,33.6837644,-117.662249
CARMEL,IN,39.9784186,-86.1283681
Yorba Linda,CA,33.8901096,-117.8249705
sanford,FL,28.8117345,-81.2680223
Jacksonville Beach,FL,30.2946859,-81.3931396
Independence,OH,41.3816571,-81.6406872
Foxborough,MA,42.0653768,-71.2478308
fayetteville,WV,38.0531294,-81.1039858
Topsfield,MA,42.6390841,-70.9507469
Westerville,OH,40.126139,-82.9295287
Roseburg,OR,43.216505,-123.3417381
wagoner,OK,35.9542216,-95.5636238
PASADENA,CA,34.1476507,-118.144155
Monroe,CT,41.3325962,-73.2073358
NEWPORT,OR,44.636755,-124.053442
Harrisonburg,VA,38.4493315,-78.8688833
Chino Hills,CA,33.9926803,-117.760056
ANAHEIM,CA,33.8347516,-117.911732
Washington D.C.,DC,38.8950368,-77.0365427
Kingman,AZ,35.2289435,-113.9904185
Dover,DE,39.158168,-75.5243682
El Dorado Hills,CA,38.6851928,-121.0604471
Hudson,WI,44.9750953,-92.7554671
concord,CA,37.9768525,-122.0335624
Sheridan,WY,44.7947537,-106.8222688
Gilbert,AZ,33.3527632,-111.789037
York,PA,39.962493,-76.7276989
Murray,UT,40.6667841,-111.888417
Morrisville,NC,35.824341,-78.8300321
Sykesville,MD,39.365992,-76.9688737
Ely,MN,47.901571,-91.8572479
Plymouth,MN,45.0065149,-93.46651
EWING,NJ,40.2688105,-74.8006895
Drexel Hill,PA,39.9483282,-75.3068878
Fairfield,OH,39.7886111,-82.6418883
Conroe,TX,30.3118769,-95.4560512
Sioux Falls,SD,43.5476008,-96.7293629
Redwood Shores,CA,37.5318804,-122.2480219
Tuscaloosa,AL,33.2095614,-87.5675258
Crystal,MN,45.031823,-93.3606072
San Carlos,CA,37.504936,-122.261823
Ft. Lauderdale,FL,26.1223084,-80.1433786
Apollo Beach,FL,27.7741547,-82.4062097
Falls Church,VA,38.882334,-77.1710914
Heath,OH,40.0228421,-82.4445991
ROSEMEAD,CA,34.0676169,-118.0879763
Farmington,UT,40.9804423,-111.8874688
Syracuse,UT,41.0895938,-112.0638903
Coconut Grove,FL,25.7126013,-80.2569947
EDMOND,OK,35.6571367,-97.4649038
Princeton,NJ,40.3496953,-74.6597376
South El Monte,CA,34.0519548,-118.0467339
Waukesha,WI,43.0622536,-88.3123889
Rosharon,TX,29.3521203,-95.460341
Woodstock,IL,42.3147529,-88.4474302
Coto de Caza,CA,33.6013399,-117.5856235
Stow,OH,41.1596261,-81.4406258
Long Island City,NY,40.7455316,-73.9484995
O'Fallon,IL,38.5922715,-89.9112124
Taylorsville,UT,40.6676347,-111.9388027
Woodbury,NY,40.8183265,-73.4706151
Prattville,AL,32.4600136,-86.4753174
ALBUQUERQUE,NM,35.0841034,-106.650985
Oak Park,IL,41.8878145,-87.7887615
West Jordan,UT,40.6061337,-111.9395211
TOWSON,MD,39.3964591,-76.6148148
Swannnanoa,NC,,
Dahlonega,GA,34.5328484,-83.9845723
Midlothian,TX,32.482361,-96.9944489
Naperville,IL,41.7728699,-88.1479278
Elk Grove Village,IL,42.0087978,-87.9414608
Madison,AL,34.7736807,-86.5675095
Folsom,CA,38.6779591,-121.176058
Waco,TX,31.5491899,-97.1474628
durham,NC,35.996653,-78.9018053
Grand Prairie,TX,32.7459645,-96.9977846
Pacifica,CA,37.5980374,-122.4995234
Holland,OH,41.621718,-83.711604
Decatur,AL,34.6060203,-86.9838165
Hudson,OH,41.240056,-81.440667
Winter Garden,FL,28.5656649,-81.5856742
Morgantown,WV,39.6296809,-79.9559437
Alameda,CA,37.6090291,-121.899142
Brea,CA,33.9170444,-117.888855
Forked River,NJ,39.8246756,-74.1479701
skokie,IL,42.0262972,-87.7521069
Travelers Rest,SC,34.9676167,-82.4434548
Copley,OH,41.0989439,-81.6445685
Fletcher,NC,35.4309336,-82.5011239
DAPHNE,AL,30.6035255,-87.9036047
Gillette,WY,44.290635,-105.501876
Vero Beach,FL,27.6387163,-80.3975399
Severna Park,MD,39.0826193,-76.5719676
Hingham,MA,42.2417669,-70.8897676
Hanover,MD,39.1928853,-76.7241371
Brockton,MA,42.0834335,-71.0183787
Chatsworth,CA,34.2572499,-118.6017022
Northbrook,IL,42.128704,-87.8265089
Roseville,CA,38.7521235,-121.2880059
Pasadena,MD,39.155816,-76.5528831
Lutz,FL,28.1300994,-82.4591842
Allen,TX,33.1031744,-96.6705503
Davidson,NC,35.7902384,-80.2115053
LaGrange,KY,38.4124695,-85.3842213
YORKTOWN,VA,37.2356655,-76.5136495
Sherman Oaks,CA,34.1508718,-118.448986
Lindon,UT,40.3432857,-111.72076
Cypress,TX,29.9691116,-95.6971686
Oldsmar,FL,28.0341847,-82.6650992
Shoreview,MN,45.0722056,-93.1282878
Largo,MD,38.8824538,-76.8285746
Ranson,WV,39.2952821,-77.8603829
Auburn Hills,MI,42.6875323,-83.2341028
Spring,TX,30.0795707,-95.4187924
Purcellville,VA,39.1366223,-77.7145945
MIRAMAR,FL,25.9873137,-80.2322706
HOBOKEN,NJ,40.7433066,-74.0323752
Kingman,KS,37.5420937,-98.122172
Southampton,PA,40.1742759,-75.0437814
Hackettstown,NJ,40.8538944,-74.8291638
North Liberty,IA,41.7478297,-91.6064397
Tinton Falls,NJ,40.2890734,-74.0927967
Daphne,AL,30.6035255,-87.9036047
Jenks,OK,36.0228734,-95.9683278
Miami Lakes,FL,25.9087056,-80.3086619
bay shore,NY,40.7276525,-73.2435218
Weston,FL,26.1003392,-80.399513
Plantation,FL,26.1275862,-80.2331036
Franklin,IN,39.4149034,-85.0563234
Bowie,MD,38.9424464,-76.7301718
Dumfries,VA,38.5674096,-77.3267652
Springfield,MO,37.2081729,-93.2922715
Kenilworth,NJ,40.6771374,-74.2870715
Jersey City,NJ,40.7215682,-74.047455
Southgate,MI,42.2037103,-83.2067556
Troy,MI,42.6055893,-83.1499304
Wash,DC,,
Glendale Heights,IL,41.9189531,-88.076567
Eden,NY,42.6523734,-78.8954064
Newnan,GA,33.3806716,-84.7996573
Navarre,FL,30.4019789,-86.8700821
Camarillo,CA,34.2176371,-119.0383541
Bloomington,IN,39.1670396,-86.5342881
Germantown,MD,39.1713082,-77.2655785
Roanoke,TX,33.0040126,-97.2258483
Crestview,FL,30.7621326,-86.5705084
Mt Laurel,NJ,39.934002,-74.8909988
West Newbury,MA,42.8014795,-70.989778
MINNEAPOLIS,MN,44.9772995,-93.2654692
Blue Ash,OH,39.2320073,-84.3782817
Buellton,CA,34.6134727,-120.193669
Worthington,OH,40.0930945,-83.0179593
Rock Island,IL,41.4411786,-90.5766144
Amherst,NH,42.8642874,-71.6252484
Fort Walton Beach,FL,30.4057552,-86.618842
Saint Charles,IL,,
Blue Springs,MO,39.017316,-94.282265
Temple,TX,31.098207,-97.3427847
Arvada,CO,39.8005505,-105.0811573
Mahwah,NJ,41.0887072,-74.1437552
FAYETTEVILLE,AR,36.0625843,-94.1574328
Powell,TN,36.0317472,-84.0279677
SANTA ANA,CA,33.7494951,-117.873221
Athens,SC,32.8052851,-79.9493824
Canton,GA,34.2367621,-84.4907621
Skillman,NJ,40.4234145,-74.7077882
Clive,IA,41.6096559,-93.7754644
PALM HARBOR,FL,28.0856815,-82.756907
Norwood,MA,42.194543,-71.1994976
Katy,TX,29.7857853,-95.8243956
Green Bay,WI,44.5126379,-88.0125794
Concord,MA,42.4605189,-71.3488963
Fulton,MD,39.1515301,-76.9155034
Casselberry,FL,28.6714702,-81.3382005
Bend,OR,44.0581728,-121.3153096
Montgomery,AL,32.37742,-86.3091683
West Des Moines,IA,41.5644476,-93.7594059
Kaysville,UT,41.0349847,-111.9383931
Indian Trail,NC,35.0768141,-80.6692352
Butler,PA,40.86108,-79.895197
Wallingford,CT,41.4570418,-72.8231552
Saranac,MI,42.9292232,-85.2129031
Luray,VA,38.6654653,-78.4600202
Columbus,GA,32.4610708,-84.9880449
Simi Valley,CA,34.2677404,-118.7538071
Largo,FL,27.9094665,-82.7873244
Aurora,CO,39.7405111,-104.830994
Rockford,MI,43.119721,-85.559604
Vancouver,OR,45.3573923,-122.6057773
Willoughby,OH,41.6397696,-81.4065011
Franklin,TN,35.925206,-86.8689419
Voorhees Township,NJ,39.8512162,-74.9619779
Islandia,NY,40.8042649,-73.1690019
Minneapolis,PA,,
Torrance,CA,33.8371392,-118.3413606
Danville,CA,37.8225892,-122.0008254
Pikesville,MD,39.385227,-76.7080456
Williamston,MI,42.689151,-84.2832798
Newton,NH,42.8695335,-71.0345018
Chantilly,VA,38.885219,-77.4486772
Hot Springs,AR,34.5038393,-93.0552437
Winter Haven,FL,28.0222435,-81.7328568
Duarte,CA,34.1394513,-117.9772873
Roswell,GA,34.02332,-84.360022
West Springfield,MA,42.105237,-72.6213712
Portsmouth,NH,43.0702223,-70.7548621
Farmers Branch,TX,32.9265668,-96.8960916
Hilliard,OH,40.033814,-83.1596108
Denton,TX,33.1838787,-97.1413417
Flowood,MS,32.3092861,-90.1386811
Clovis,NM,34.405472,-103.2050709
IRVING,TX,32.8295183,-96.9442177
Milford,IA,43.32396,-95.1508003
Winter Park,FL,28.5977707,-81.3510264
Oklahoma City,OK,35.4729886,-97.5170536
Waltham,MA,42.3756401,-71.2358004
Madison,CT,41.2794282,-72.5983151
OWOSSO,MI,42.9975968,-84.1720541
Greenwich,CT,41.0264862,-73.6284598
ELLICOTT CITY,MD,39.2757359,-76.8317417
San Ramon,CA,37.7648021,-121.9544387
West Hollywood,CA,34.0923014,-118.3692894
RENO,NV,39.5261206,-119.8126581
STEVENSON RANCH,CA,34.3881783,-118.5853957
Brandon,FL,27.937801,-82.2859247
West Babylon,NY,40.704371,-73.3501301
Brookfield,CT,41.4825947,-73.4095652
LAKEWOOD,NJ,40.0978929,-74.2176435
SAN JOSE,CA,37.3361663,-121.890591
Lawrenceville,NJ,40.3009876,-74.7373728
Waller,TX,29.9443902,-95.9955885
McKinney,TX,33.1976496,-96.6154471
LIBERTY LAKE,WA,47.6681145,-117.104865
winder,GA,33.9919085,-83.7184368
Argyle,TX,33.110156,-97.1797576
Erlanger,KY,39.0167275,-84.6007773
North Venice,FL,26.6347393,-81.695567
Lincoln City,OR,44.9617922,-124.0159522
Hendersonville,TN,36.3049177,-86.621443
Memphis,TN,35.1460249,-90.0517638
Encinitas,CA,33.0369867,-117.2919818
Lorton,VA,38.6946355,-77.2199931
Doylestown,PA,40.3100446,-75.1304588
BEND,OR,44.0581728,-121.3153096
Kernersville,NC,36.1198589,-80.0736533
Fort Washington,PA,40.1478532,-75.1897243
Louisiana,LA,30.4062005,-91.1854129
Richardson,TX,32.9481789,-96.7297206
Killeen,TX,31.1171441,-97.727796
Nokomis,FL,27.1192213,-82.4442629
Durham,NE,41.2513982,-95.9280999
Bennington,VT,42.8788667,-73.1968205
Norfolk,VA,36.8493695,-76.2899539
Delray Beach,FL,26.4614625,-80.0728201
chatsworth,CA,34.2572499,-118.6017022
Dundee,OH,40.5867287,-81.6081794
Darien,IL,41.7508713,-87.9739593
Golden,CO,39.7546349,-105.22058
Fort Washington,MD,38.7379948,-77.0043136
Englewood,CO,39.6482059,-104.9879641
Brecksville,OH,41.3197763,-81.6267904
"Cincinnati, OH",OH,39.1014537,-84.5124602
Scottsdale,IL,39.80883,-89.6168191
Orange Park,FL,30.1654707,-81.7016346
Terre Haute,IN,39.4667025,-87.4139119
Darien,CT,41.0787079,-73.4692873
Kearny,NJ,40.7684342,-74.1454214
bingham farms,MI,42.515868,-83.2732643
Coppell,TX,32.9552598,-97.0155703
Boynton Beach,FL,26.5256179,-80.0666026
Beaverton,OR,45.4871723,-122.80378
Howell,MI,42.6072552,-83.9293952
Johns Creek,GA,34.0181557,-84.190196
Highlands Ranch,CO,39.5497243,-104.969565
Escondido,CA,33.1216751,-117.0814849
Lahaina,HI,20.8738769,-156.677678
Seven Hills,OH,41.3953304,-81.6762392
Asbury Park,NJ,40.2203907,-74.0120817
Carrollton,TX,32.9537349,-96.8902816
Ewa Beach,HI,21.315603,-158.008804
East Flat Rock,NC,35.287417,-82.4191667
Mandeville,LA,30.3582305,-90.0657477
NORTHBROOK,IL,42.128704,-87.8265089
Lake Forest,IL,42.2586461,-87.8407055
Warrendale,PA,40.6534001,-80.079503
Venice,FL,27.0998315,-82.4442832
Lawrenceville,GA,33.9566391,-83.9890066
HUNTSVILLE,AL,34.729847,-86.5859011
Fort Collins,CO,40.5871782,-105.0770113
Wharton,NJ,40.8931546,-74.5818254
HOWELL,NJ,40.1413032,-74.2236618
Riverton,UT,40.5179761,-111.9393701
ELDERSBURG,MD,39.4137459,-76.9474188
Vernon Hills,IL,42.2204892,-87.9803604
North Andover,MA,42.7029687,-71.1309117
Davie,FL,26.0628665,-80.2331038
Rockwall,TX,32.8923464,-96.4066987
Newton,MA,42.3370414,-71.2092214
Westlake,TX,32.991226,-97.1943701
Natick,MA,42.2836393,-71.346996
City of Industry,CA,34.0182252,-117.9593061
Manhattan Beach,CA,33.8897798,-118.3935254
Taylorville,IL,39.5487452,-89.2941549
clearwater,FL,27.9658533,-82.8001026
Blasdell,NY,42.797281,-78.823366
Medford,NY,40.8228192,-72.9887443
Blue Bell,PA,40.147809,-75.272781
St Peters,MO,38.791612,-90.5958468
Grass Valley,CA,39.2190607,-121.06292
Hopkinton,MA,42.2288875,-71.5196439
Addison,IL,41.931696,-87.9889556
wall,NJ,,
Billings,MT,45.7874957,-108.49607
Louisville KY,KY,38.2542376,-85.759407
South Holland,IL,41.6008681,-87.6069894
Guilderland Center,NY,42.7020217,-73.9662368
Athens,GA,33.9597677,-83.376398
GREEN BROOK,NJ,40.6257095,-74.4212833
Modesto,CA,37.6393419,-120.9968892
Woodbury,MN,44.919896,-92.9339449
Dubuque,IA,42.5006243,-90.6647985
Newark,CA,37.5296593,-122.0402399
Bridgeport,PA,40.1043042,-75.3429522
Westlake Village,CA,34.1460234,-118.8061794
Clinton Township,MI,42.0554875,-83.9478911
Poseyville,IN,38.1700444,-87.7830825
Urbandale,IA,41.6274511,-93.7380243
tomball,TX,30.0971621,-95.6160549
Turnersville,NJ,39.766826,-75.063004
Lakewood,CA,33.8503463,-118.117191
Humble,TX,29.9988312,-95.2621553
Burlington,VT,44.4761601,-73.212906
Warner Robins,GA,32.6200973,-83.606568
Arlington,TX,32.7355816,-97.1071186
Kenosha,AL,33.528962,-86.961553
West Point,MS,33.6076186,-88.6503255
Moorestown,NJ,39.9670569,-74.9426677
Hartselle,AL,34.4434282,-86.9352842
Chelmsford,MA,42.5968617,-71.3517602
tulsa,OK,36.1563122,-95.9927516
Westborough,MA,42.2694308,-71.6129907
West Haven,UT,41.2049578,-112.048898
Vista,CA,33.2021284,-117.2424787
North Brunswick,NJ,40.4539249,-74.476545
Schenectady,NY,42.8142432,-73.9395687
La Quinta,CA,33.677474,-116.2958789
High Bridge,NJ,40.6670454,-74.8957231
Coralville,IA,41.6759977,-91.580705
St. Petersburg,FL,27.7700475,-82.6359078
Phoenix,OR,42.2740364,-122.8153283
Cumming,GA,34.2073196,-84.1401926
Sinking Spring,PA,40.3246704,-76.0171505
Clifton Park,NY,42.8631868,-73.7812103
GLENDALE,CA,34.1469416,-118.2478471
Fort Mill,SC,35.0073697,-80.9450759
Commerce,CA,34.003218,-118.1541961
Spartanburg,SC,34.9498007,-81.9320157
Saratoga Springs,NY,43.0821793,-73.7853915
Grand Junction,CO,39.0672568,-108.56448
Kutztown,PA,40.5173165,-75.7774177
New Port Richey,FL,28.2441768,-82.7192671
Lake Elsinore,CA,33.6680772,-117.3272615
Tyler,TX,32.3512601,-95.3010624
"Windham, NH",NH,42.8006441,-71.304229
Des Plaines,IL,42.0415823,-87.8873916
Scott AFB,IL,38.543839,-89.8527741
Hinsdale,IL,41.8024604,-87.9299841
East Brunswick,NJ,40.4278841,-74.415984
Bell Canyon,CA,34.2063463,-118.6858253
Abilene,TX,32.44645,-99.7475905
Salem,NH,42.7884957,-71.2009035
Milledgeville,GA,33.0801429,-83.2320991
Cedar Rapids,IA,41.9758872,-91.6704053
Agoura Hills,CA,34.1481692,-118.7655456
Dane,WI,43.0709273,-89.4322174
Comfort,TX,29.967715,-98.9050337
Chesterfield,VA,37.3859982,-77.578509
Palm Desert,CA,33.7288179,-116.382571
La Mirada,CA,33.9060971,-118.0107092
eagan,MN,44.818173,-93.1659179
Cape Canaveral,FL,28.4513556,-80.5283059
Gibson,LA,29.6868756,-90.990653
TIGARD,OR,45.4307473,-122.771933
Thomasville,GA,30.8365815,-83.9787808
Lexington,MA,42.4473175,-71.2245003
South Miami,FL,25.7076017,-80.2933846
Laurie,MO,38.1991971,-92.8335237
West Long Branch,NJ,40.2903891,-74.0176381
Paso Robles,CA,35.6262618,-120.6901319
Granite Falls,NC,35.7965205,-81.4306458
Potomac,MD,39.0180508,-77.1956331
Arvin,CA,35.209129,-118.828431
New Bedford,MA,41.6362152,-70.934205
Charleston,WV,38.3505995,-81.6332812
Wrightsville Beach,NC,34.2079917,-77.7955907
Sun Valley,CA,34.2204227,-118.3878945
Honolulu,HI,21.304547,-157.855676
Truckee,CA,39.3279454,-120.1835765
Pensacola,FL,30.421309,-87.2169149
Wilminton,DE,39.6896218,-75.612439
SOUTH HOLLAND,IL,41.6008681,-87.6069894
Fresno,CA,36.7394421,-119.78483
Belmont,CA,37.5164926,-122.2941914
Huntington Beach,CA,33.6783336,-118.000016
Braintree,MA,42.2205956,-71.0041229
Rockland,MA,42.1306563,-70.9161551
Mooresville,IN,39.6128243,-86.37416
Lakewood,NJ,40.0978929,-74.2176435
Newburyport,MA,42.8116592,-70.8719271
Jamul,CA,32.715507,-116.866801
Winooski,VT,44.4910402,-73.1861064
NORCROSS,GA,33.9412127,-84.2135309
Hoover,AL,33.350293,-86.851123
Reading,PA,40.335345,-75.9279495
Fresh Meadows,NY,40.7348246,-73.7934668
Portersville,PA,40.9255114,-80.1442551
Delafield,WI,43.0594237,-88.4040172
Holmes,PA,39.9042791,-75.3085204
Birmingham,MI,42.5467012,-83.2113192
Frederick,MD,39.415779,-77.4127562
Racine,WI,42.7313756,-87.7834769
Rutherfordton,NC,35.3692877,-81.9567716
elmhurst,IL,41.8994745,-87.9403418
North Riverside,IL,41.84686,-87.8152024
Perrysburg,OH,41.5571178,-83.6279321
Ambler,PA,40.1545535,-75.2215651
Westminster,MD,39.5751717,-76.9959168
WOODINVILLE,WA,47.7545827,-122.1588902
Clayton,MO,38.6504352,-90.3362473
Hialeah,FL,25.8575963,-80.2781057
Fenton,MO,38.5131989,-90.4400578
Studio City,CA,34.1483989,-118.3961877
Woodinville,WA,47.7545827,-122.1588902
JACKSONVILLE BEACH,FL,30.2946859,-81.3931396
TROY,MI,42.6055893,-83.1499304
Coeur D Alene,ID,47.6742994,-116.7811531
Mt. Pleasant,SC,32.7940651,-79.8625851
London,KY,37.1283343,-84.0835576
Lilburn,GA,33.8901036,-84.1429719
fullerton,CA,33.8708215,-117.929416
Rancho Cucamonga,CA,34.1033192,-117.575173
Fort Smith,AR,35.3880338,-94.4265011
Ijamsville,MD,39.3603809,-77.3227621
Somerville,MA,42.3875968,-71.0994968
Woodcliff Lake,NJ,41.0234304,-74.0665297
Greenacres,FL,26.623679,-80.1253213
Mayfield Heights,OH,41.5192189,-81.457896
Elgin,IL,42.03726,-88.2810994
Del City,OK,35.442007,-97.4408709
Fort Wayne,IN,41.0799898,-85.1386015
Fairlawn,OH,41.1326644,-81.6262051
Wilsonville,OR,45.3099218,-122.76816
Mt Washington,KY,38.0500627,-85.5457877
CA,CA,33.9094782,-117.5004251
Glenview Nas,IL,42.0898286,-87.8251482
Bessemer,AL,33.4017766,-86.954437
Pewaukee,WI,43.0846017,-88.2139452
TOMBALL,TX,30.0971621,-95.6160549
Dallas,GA,33.9237141,-84.8407732
Jupiter,FL,26.9342246,-80.0942087
Conshohocken,PA,40.0792766,-75.3015714
Newark,NJ,40.735657,-74.1723667
NJ,NJ,40.8010081,-74.816235
Greenville,NC,35.613224,-77.3724593
MIAMI BEACH,FL,25.7929198,-80.1353006
Palmer,TX,32.431252,-96.66777
Bohemia,NY,40.770609,-73.1200703
Lakeville,MA,41.8459353,-70.9494854
East Boston,MA,42.3718183,-71.0281505
Latham,NY,42.7436134,-73.7458456
Hendersonville,NC,35.3187279,-82.4609528
Downingtown,PA,40.0064958,-75.7032742
Mansfield,PA,41.805687,-77.0792881
Manalapan,NJ,40.2852895,-74.333495
Lambertville,NJ,40.3656188,-74.9454055
Urbana,OH,40.1083912,-83.7524298
Jackson,TN,35.6144446,-88.8177418
Lehighton,PA,40.8339907,-75.7135568
Northampton,MA,42.3178989,-72.6311006
Ocean,NJ,39.977818,-74.3319287
Davidsonville,MD,38.9228697,-76.6277374
State College,PA,40.7944504,-77.8616386
Andover,MA,42.65717,-71.1408776
Moorpark,CA,34.285558,-118.8820414
Bloomington,MN,44.8322405,-93.3204872
Berkeley Springs,WV,39.6267975,-78.2279514
Wyncote,PA,40.0906988,-75.1458857
Hermosa Beach,CA,33.8637822,-118.3992143
Fullerton,CA,33.8708215,-117.929416
Ramsey,MN,45.0165728,-93.0949501
Brookston,TX,33.6234373,-95.7001454
Philadephia,PA,39.917714,-75.171419
Hampton,VA,37.0264414,-76.3442846
Highland Park,IL,42.1816919,-87.8003438
College Grove,TN,35.788399,-86.6744409
Aurora,IL,41.7571701,-88.3147539
Bensalem,PA,40.1045549,-74.951279
Roanoke,VA,37.270973,-79.9414313
Fremont,CA,37.5482697,-121.988571
Yakima,WA,46.601557,-120.510842
Kaukauna,WI,44.2780432,-88.2720503
Bellmawr,NJ,39.8676134,-75.0946183
Upper Nyack,NY,41.1070404,-73.9201371
Giddings,TX,30.1830498,-96.9366112
KIRKLAND,WA,47.6765382,-122.2070775
Kent,WA,47.3826903,-122.2270272
Livingston,NJ,40.7959335,-74.3148713
"Pensacola, FL",FL,30.421309,-87.2169149
Lafayette,CA,37.8857582,-122.1180201
Bon Aqua,TN,35.953397,-87.3269558
Philipsburg,PA,40.8964465,-78.2205688
Amarillo,TX,35.20729,-101.8371192
Lighthouse Point,FL,26.275636,-80.0872654
POST FALLS,ID,47.7110106,-116.9480877
Sulphur,LA,30.2365943,-93.3773783
Barnesville,MN,46.652182,-96.41979
Rhinebeck,NY,41.9267604,-73.912763
Hampton,NH,42.9417199,-70.8378746
Oxnard,CA,34.1976308,-119.180381
Canton,MA,42.1584324,-71.1447732
Mt. Vernon,NY,40.9125085,-73.8386504
Chicago Heights,IL,41.5062834,-87.6357079
Danbury,CT,41.394817,-73.4540111
Vineland,NJ,39.4862777,-75.0254256
Shaker Heights,OH,41.4739419,-81.5370671
DANVERS,MA,42.5664984,-70.9362957
Henderson,CA,37.4793824,-122.16552
Windsor Mill,MD,39.3328346,-76.7594551
VANCOUVER,WA,45.6306954,-122.6744557
Lowell,MA,42.6414437,-71.3085329
Erie,PA,42.1294712,-80.0852695
Ft Worth,TX,32.753177,-97.3327459
Kodak,TN,35.9745323,-83.6268396
Port Vincent,LA,30.3344544,-90.8447491
Pueblo,CO,38.263995,-104.6141867
Orange,CA,33.750631,-117.8722311
EMMAUS,PA,40.5350165,-75.4918701
Henrico,VA,37.5131191,-77.3465081
Bartlett,TN,35.2045329,-89.8739753
Sumner,WA,47.2061882,-122.2312383
WINTER GARDEN,FL,28.5656649,-81.5856742
Tea,SD,43.44661,-96.836034
Nazareth,PA,40.7423309,-75.3112095
Annandale,VA,38.838703,-77.1951755
Hollywood,FL,26.0112014,-80.1494901
West Bend,WI,43.4252776,-88.1834277
lafayette,CO,39.9935959,-105.089705
Mokena,IL,41.5261437,-87.8892189
valley cottage,NY,41.117785,-73.9442812
DETROIT LAKES,MN,46.817181,-95.845325
Bluffton,SC,32.2371465,-80.8603868
Rolling Meadows,IL,42.0841936,-88.0131275
Rocklin,CA,38.7907339,-121.2357828
North Smithfield,RI,41.9667652,-71.5495071
norwalk,CT,41.1175966,-73.4078968
Marlborough,MA,42.3459271,-71.5522874
West Memphis,AR,35.1464797,-90.1845388
Milwaukie,OR,45.4440051,-122.6412523
California,CA,37.5053784,-122.4887483
Temple,GA,33.7370514,-85.032445
WESTLAKE,OH,41.4553232,-81.9179174
Brunswick,OH,41.2456819,-81.8275398
New Milford,CT,41.5770993,-73.4105803
Thousand Oaks,CA,34.1705609,-118.8375937
Strongsville,OH,41.3144733,-81.83511
Norman,OK,35.2225717,-97.4394816
Mason,MI,43.9778831,-86.246291
Claymont,DE,39.8046257,-75.4555011
Maple Grove,MN,45.0984983,-93.4419222
Forest Hill,MD,39.5851063,-76.387739
Lakeway,TX,30.3644888,-97.9875325
Johnston,RI,41.8310404,-71.5412101
North Miami Beach,FL,25.9331488,-80.1625463
Milford,CT,41.2222218,-73.0570603
ISSAQUAH,WA,47.5348778,-122.043297
Beltsville,MD,39.0397735,-76.9271851
Bridgeport,WV,39.2864787,-80.2561981
Wilmington,MA,42.5464828,-71.1736669
BOSTON,MA,42.3554334,-71.060511
Safety Harbor,FL,27.9908529,-82.6931553
Mt Pleasant,TX,33.1570582,-94.9694007
Sunnyvale,CA,37.3688301,-122.036349
Durango,CO,37.2769484,-107.8766
Burbank,CA,34.1812089,-118.307201
St. George,UT,37.104153,-113.584131
PORTSMOUTH,NH,43.0702223,-70.7548621
Granville,OH,40.0681192,-82.5196037
Mount Vernon,WA,48.4200462,-122.32642
Watertown,MA,42.3652518,-71.1843236
Buffalo Grove,IL,42.1544205,-87.9589621
Dallas,NC,35.3160401,-81.1764865
OVERLAND PARK,KS,38.9742502,-94.6851702
Martinez,GA,33.5183165,-82.0978253
Cedar Park,TX,30.5217116,-97.827833
Waconia,MN,44.8507957,-93.7869088
Bee Cave,TX,30.3085373,-97.94501
FRANKFORD,DE,38.518038,-75.233764
League City,TX,29.5074538,-95.0949303
puyallup,WA,47.1849009,-122.29214
Arbutus,MD,39.2403445,-76.6914006
Rockland,ME,44.1048327,-69.1091823
Erie,CO,40.0502623,-105.049981
Zelienople,PA,40.7957622,-80.1370795
Wakefield,MA,42.506484,-71.0728306
OMAHA,NE,41.2587459,-95.9383758
Plainfield,IL,41.6086711,-88.2054345
Winchester,VA,39.1852184,-78.1652404
St. James,NY,40.8827035,-73.1480789
SAFETY HARBOR,FL,27.9908529,-82.6931553
Bloomfield Hills,MI,42.583645,-83.2454883
Oviedo,FL,28.6702526,-81.2084941
Commerce,MI,37.1589392,-89.4428624
LAKE CITY,MN,44.4478474,-92.2678663
HUNTINGTON BEACH,CA,33.6783336,-118.000016
Yonkers,NY,40.9312099,-73.8987469
Richmond,CA,37.9357576,-122.347748
Columbia,MO,38.951883,-92.3337366
Bartlett,IL,41.9908485,-88.1850028
FRESNO,CA,36.7394421,-119.78483
Granite Bay,CA,38.762173,-121.1850057
Taylor,MI,42.240872,-83.2696509
Hollywood,CA,34.0980031,-118.329523
Westwood,MA,42.2186913,-71.2233829
VERNON HILLS,IL,42.2204892,-87.9803604
Rock Hill,SC,34.9248667,-81.0250784
Albany,NY,42.6511674,-73.754968
Newburgh,IN,37.9456824,-87.4046571
Burlington,NJ,39.9325409,-74.7226665
Landover,MD,38.9253129,-76.8815433
Eden Prarie,MN,42.7783171,-83.1307549
Gainesville,VA,38.7927405,-77.6292018
Wheat Ridge,CO,39.766098,-105.0772063
Porter Ranch,CA,34.2818164,-118.5612714
Wimberley,TX,29.9976807,-98.0987896
Chestertown,MD,39.2089986,-76.0666126
High Point,NC,35.9556924,-80.0053176
Richfield,OH,41.2397772,-81.6381785
Newark,DE,39.6828358,-75.7515682
Warren,PA,41.8119602,-79.2654452
Media,PA,39.9167783,-75.387693
Harrisburg,PA,40.2663107,-76.8861122
Georgetown,TX,30.6370152,-97.6775634
Chevy Chase,MD,38.9813699,-77.0849245
New Braunfels,TX,29.7028266,-98.1257348
Weatherford,TX,32.7589648,-97.7970748
Twin Falls,ID,42.5558542,-114.4700684
BELLEVILLE,NJ,40.7937116,-74.1501438
Turlock,CA,37.4946568,-120.8465941
DURHAM,NC,35.996653,-78.9018053
Phoenix,IL,41.6147151,-87.6323811
Nampa,ID,43.5737361,-116.559631
Oshkosh,WI,44.0206919,-88.5408574
Mohnton,PA,40.2859255,-75.9843804
El Cajon,CA,32.7947731,-116.962526
Chesapeake,VA,36.7168315,-76.2494453
River Falls,WI,44.8596498,-92.6255048
tucson,AZ,32.2228765,-110.974847
North Billerica,MA,42.5834258,-71.2845035
Oakwood Village,OH,39.9672822,-83.7788168
MELVILLE,NY,40.7835914,-73.4075575
South Bend,IN,41.6833813,-86.2500066
Conway,AR,35.0891932,-92.4398402
Lake Success,NY,40.7706572,-73.7176312
Oakbrook Terrace,IL,41.8500302,-87.9645077
BURBANK,CA,34.1812089,-118.307201
Norristown,PA,40.1148787,-75.3433705
Macon,GA,32.8406946,-83.6324022
Richmond,TX,29.5821811,-95.7607832
colorado springs,CO,38.8339578,-104.825348
Mission Viejo,CA,33.5965685,-117.659405
Franklin,MA,42.5896205,-72.6110645
Woburn,MA,42.4792618,-71.1522766
Corpus Christi,TX,27.7635302,-97.4033191
Olathe,KS,38.8838856,-94.81887
Defiance,OH,41.3203058,-84.5084835
Columbus,TX,29.7066181,-96.539699
WEST LINN,OR,45.3656761,-122.612314
Hyattsville,MD,38.9529442,-76.9408647
Lawndale,CA,33.8951219,-118.3526323
Brooklyn Park,MN,45.1004807,-93.3443585
Auburndale,FL,28.0653422,-81.7888642
Fountain Valley,CA,33.7038145,-117.9627349
Burtonsville,MD,39.1096795,-76.9304928
Rochelle Park,NJ,40.9092993,-74.0733086
falls church,VA,38.882334,-77.1710914
NASHVILLE,TN,36.1622767,-86.7742984
Portsmouth,VA,36.8320081,-76.297699
Sanford,FL,28.8117345,-81.2680223
Henderson,NC,35.3389062,-82.4663918
South Londonderry,VT,43.190796,-72.8130542
Visalia,CA,36.3302284,-119.292058
Decatur,TX,33.2342834,-97.5861393
West Columbia,SC,33.991869,-81.0640341
Mankato,MN,44.1634663,-93.9993505
marietta,GA,33.9528472,-84.5496148
Novelty,OH,41.4935091,-81.3407276
Malibu,CA,34.035591,-118.689423
CENTENNIAL,CO,39.579155,-104.8769227
BRADENTON,FL,27.4989278,-82.5748194
sturgis,MI,41.799217,-85.4191482
Delavan,WI,42.633102,-88.6460554
Carbon Hill,AL,33.8888252,-87.5294765
Laytonsville,MD,39.2087905,-77.1413425
Buena Park,CA,33.870413,-117.9962165
Matthews,NC,35.1159532,-80.7224386
Hixson,TN,35.1406267,-85.2327349
Asheville,NC,35.595363,-82.5508407
Livermore,CA,37.6820583,-121.768053
North Las Vegas,NV,36.2005843,-115.121584
PENN VALLEY,CA,39.1948165,-121.1926464
Petroleum,IN,40.6114347,-85.1508037
Southborough,MA,42.3056501,-71.5245087
Mansfield,TX,32.563487,-97.1420308
Cincinnnati,OH,,
Ocean City,NJ,39.2776156,-74.5746001
MURRELLS INLET,SC,33.5499183,-79.0430329
Windsor,CO,40.4774818,-104.901361
Jackson,OH,39.0131871,-82.6089043
MEDFORD,MA,42.4184296,-71.1061639
Renson,CA,37.2669905,-121.9476435
Nevada City,CA,39.2625993,-121.0187304
HAMILTON,OH,39.2085354,-84.5501874
McFarland,WI,43.0123487,-89.2897646
Middletown,CT,41.5623178,-72.6509061
Kalispell,MT,48.202158,-114.315321
Newport,KY,39.0889469,-84.4919524
Riverside,CT,41.0337082,-73.57818
Fayetteville,NC,35.0525759,-78.878292
Plant City,FL,28.01633,-82.1234803
Fairfield,CT,41.1412078,-73.2637258
"Los Angeles, CA 90036",CA,34.0536909,-118.242766
Wauconda,IL,42.2589122,-88.1392474
Gainesville,GA,34.2978794,-83.8240663
Camas,WA,45.5863014,-122.403277
MORRISVILLE,NC,35.824341,-78.8300321
Jericho,NY,40.78743,-73.5434608
Hickory,NC,35.7333312,-81.3442915
Encino,CA,34.1591324,-118.5016166
Lake Orion,MI,42.7844752,-83.2396612
Aliso Viejo,CA,33.5761376,-117.7258122
Danvers,MA,42.5664984,-70.9362957
Holland,MI,42.7876022,-86.1090828
Knightstown,IN,39.7956007,-85.5263629
Austell,GA,33.8126059,-84.6343783
Laconia,NH,43.5278546,-71.470351
Bountiful,UT,40.8894611,-111.8804817
Bannockburn,IL,42.1933581,-87.8664579
Westford,MA,42.5792583,-71.4378411
Neenah,WI,44.1858193,-88.462609
Midvale,UT,40.6149174,-111.9106607
Sioux City,IA,42.4966815,-96.4058782
kent,WA,47.3826903,-122.2270272
Beavercreek,OH,39.7092262,-84.0632685
WEST CHESTER,OH,39.3303357,-84.408275
Augusta,GA,33.4709714,-81.9748429
Drexel,MO,38.4794593,-94.6085663
Michigan City,IN,41.7075394,-86.8950297
Brick,NJ,40.0707244,-74.1280562
Lake Forest,CA,33.6469261,-117.6859213
Barberton,OH,41.012833,-81.6051221
Bloomsburg,PA,41.0044958,-76.4537302
Monsey,NY,41.117991,-74.0594324
Lexington Park,MD,38.2494165,-76.4469969
Key West,FL,24.5548262,-81.8020722
Wyomissing,PA,40.329537,-75.9652117
Naperrville,IL,,
GARLAND,TX,32.912624,-96.6388833
Lenexa,KS,38.9697458,-94.7845837
Los Alamitos,CA,33.8038865,-118.0772433
CLEARWATER,FL,27.9658533,-82.8001026
Tacoma,WA,47.2455013,-122.438329
San Rafael,CA,37.9747795,-122.5316686
Dunwoody,GA,33.9463786,-84.3342686
Medford,OR,42.3264181,-122.8718605
Corona,CA,33.8752945,-117.566444
Ridgeland,MS,32.4284761,-90.1323087
Malvern,PA,40.036202,-75.5138959
Lacey,WA,47.0263876,-122.8072257
St. Rose,LA,29.9468716,-90.3231349
mount pleasant,SC,32.7940651,-79.8625851
Hillsboro,OR,45.5228939,-122.989827
Pleasantville,NY,41.1328736,-73.7926335
Newport,WA,48.1796277,-117.043258
Lenox,MA,42.3568223,-73.2850851
Rochester,MN,44.0234387,-92.4630182
Spanish Fort,AL,30.6754503,-87.9040269
Castle Rock,CO,39.3722552,-104.858682
Farmington Hills,MI,42.4853125,-83.3771553
Lakewood,OH,41.4819932,-81.7981908
Port Huron,MI,42.9760854,-82.4333742
Altamonte Springs,FL,28.6619154,-81.3885899
Sharon,PA,41.2331116,-80.4934035
Longwood,FL,28.7012172,-81.3461738
SAINT PETERSBURG,FL,27.7700475,-82.6359078
Battlefield,MO,37.1154066,-93.3642696
St. Louis Park,MN,44.9475726,-93.3569023
Middletown,OH,39.516644,-84.4041725
Branchburg,NJ,40.5688245,-74.7002739
BLOOMFIELD,IA,40.7510398,-92.4143872
Destin,FL,30.3935337,-86.4957834
Glen Burnie,MD,39.1595439,-76.6151514
Lansdale,PA,40.2414952,-75.2837862
hixson,TN,35.1406267,-85.2327349
Sterling,KS,38.2100112,-98.2070059
Covington,KY,39.0831712,-84.5107548
West Chester,OH,39.3303357,-84.408275
Wakefield,RI,41.437324,-71.5014469
Peabody,MA,42.5278731,-70.9286609
Buhler,KS,38.1349736,-97.7716625
Lake in the Hills,IL,42.1816908,-88.3303618
Middletown,PA,40.1701367,-74.8851959
Santa Rosa Beach,FL,30.3466423,-86.2307992
Kingwood,TX,30.0497077,-95.1846301
McAllen,TX,26.204114,-98.2300605
Ft Collins,CO,40.5871782,-105.0770113
BRAINTREE,MA,42.2205956,-71.0041229
Blauvelt,NY,41.069612,-73.9518441
Warwick,RI,41.6992717,-71.4586114
Greenville,WI,44.2868522,-88.5870708
Woodstock,VA,38.8817784,-78.5058429
Edgewater,MD,38.9358105,-76.5530141
Oak Ridge,TN,36.0103562,-84.2696449
Danville,IN,39.7606013,-86.5263879
Kitty Hawk,NC,36.0664318,-75.6935448
MANASSAS,VA,38.7509488,-77.4752667
La Grange,IL,41.81483,-87.8735662
Woodbury,NJ,39.8381691,-75.1526774
Steamboat Springs,CO,40.4848003,-106.831735
Elmwood Park,NJ,40.9074237,-74.1183543
Dripping Springs,TX,30.1902067,-98.0866781
"Washington, DC",DC,38.8950368,-77.0365427
Garnet Valley,PA,39.8429612,-75.5370459
Edgewood,NY,42.140367,-74.2123659
Hackensack,NJ,40.8871438,-74.0410865
Morristown,NJ,40.7970382,-74.4809868
River Heights,UT,41.7218845,-111.821417
Auburn,NH,43.0045289,-71.348398
Parsippany,NJ,40.8623835,-74.4032354
Porter,TX,30.1024397,-95.2296553
Fremont,NE,41.4338363,-96.4960449
Uniontown,OH,40.9758992,-81.4072768
Kansas City,KS,39.1134562,-94.626497
Vernon,CT,41.8382921,-72.4663331
Larchmont,NY,40.9278769,-73.7517983
Berwyn,PA,40.0448306,-75.4388053
Valhalla,NY,41.075213,-73.7750061
Bedminster,NJ,40.6741476,-74.6809503
SAN ANTONIO,TX,29.4246002,-98.4951405
Los Gatos,CA,37.226611,-121.9746797
waterbury,CT,41.5538091,-73.0438362
rocky river,OH,41.4756031,-81.8393034
De Pere,WI,44.4493584,-88.0599986
Castle Pines,CO,39.4713622,-104.8951729
Rocky River,OH,41.4756031,-81.8393034
Cher,NJ,39.5941001,-75.1261533
St. Augustine,FL,29.8946952,-81.3145395
Lemont,IL,41.6737149,-88.0016263
Eden Prairie,MN,44.8546856,-93.470786
Nutley,NJ,40.8223223,-74.1598663
Flushing,NY,40.7654301,-73.8174291
Wayne,PA,41.6264414,-75.3045103
Westland,MI,42.3238056,-83.4005321
Charleston,MS,34.00678,-90.0567563
Waukee,IA,41.6118485,-93.8845129
Orrville,OH,40.8436664,-81.7640212
Bethel,CT,41.3712063,-73.4140097
COTTONWD HTS,UT,,
Santee,CA,32.8383828,-116.9739167
Thousand Palms,CA,33.8077359,-116.350814
Oakdale,PA,40.3981246,-80.1856134
Tinley Park,IL,41.5733669,-87.7844944
ROCKVILLE,MD,39.0817985,-77.1516844
DEER PARK,NY,40.7622495,-73.3228592
Ashland,VA,37.7594012,-77.4806603
Sun Prairie,WI,43.1834579,-89.2134359
Solon,OH,41.3897764,-81.4412259
Henderson,CO,39.9205405,-104.8658084
Somerset,NJ,40.5675084,-74.6189556
Norwalk,IA,41.4755492,-93.6788876
Wichita,KS,37.6922361,-97.3375448
Grandview,OH,39.1905125,-84.733402
TYLER,TX,32.3512601,-95.3010624
Trenton,NJ,40.2203074,-74.7659
Fairfield,NJ,40.8837102,-74.3059823
MENTOR,OH,41.6664781,-81.3399769
Haltom city,TX,32.7995738,-97.2691817
Chester,PA,39.9829308,-75.7652424
Farmington,MI,42.4644795,-83.3763219
Edina,MN,44.8897027,-93.3501222
Elmsford,NY,41.0550969,-73.8201338
Rosemont,IL,41.9941334,-87.8756737
Fort Pierce,FL,27.4467056,-80.3256056
Garden Grove,CA,33.7746292,-117.9463717
Kasyville,UT,,
LITTLE CHUTE,WI,44.2799872,-88.3184394
Mountainside,NJ,40.6723242,-74.3573722
CORAL SPRINGS,FL,26.271192,-80.2706044
CHATTANOOGA,TN,35.0457219,-85.3094883
Stillwater,OK,36.1156306,-97.0585717
Willow Park,TX,32.7626286,-97.6505822
Pittsford,NY,43.090959,-77.515298
GRAND RAPIDS,MI,42.9632425,-85.6678639
Lebanon,PA,40.375713,-76.4626118
MENDOTA HEIGHTS,MN,44.8835768,-93.1382749
Manhattan,KS,39.1836082,-96.5716694
Zionsville,IN,39.950724,-86.2616968
Carson,CA,33.8322043,-118.2517547
kennesaw,GA,34.0234337,-84.6154897
Lititz,PA,40.1571324,-76.307162
West Hartford,CT,41.7620447,-72.7420399
Winston Salem,NC,36.0998131,-80.2440518
Alpena,MI,45.0176181,-83.6670019
Kingston,NJ,40.373057,-74.6055114
Saint George,UT,37.104153,-113.584131
Eagle Mountain,UT,40.3093488,-112.0119825
Rockford,IL,42.2713945,-89.093966
Pennsauken,NJ,39.9562238,-75.0579502
Emmaus,PA,40.5350165,-75.4918701
Lee's Summit,MO,38.9107156,-94.3821295
Owings Mills,MD,39.4148436,-76.7918234
Lawton,OK,34.6086854,-98.3903305
HILLSIDE,NJ,40.701213,-74.2301459
Saint Charles,MO,38.783855,-90.481677
Madison,SD,44.006085,-97.11395
Mission,KS,39.0277832,-94.6557914
CHANTILLY,VA,38.885219,-77.4486772
Lima,OH,40.7399785,-84.105006
St Paul,MN,44.9497487,-93.0931028
Itasca,IL,41.9751722,-88.0067509
Westville,NJ,39.8700552,-75.1265177
Blue Mounds,WI,43.0174097,-89.8320348
Collierville,TN,35.042036,-89.6645266
LEHI,UT,40.3881114,-111.8486019
NEW ULM,MN,44.3140261,-94.4614177
ROCHESTER,NY,43.157285,-77.615214
redmond,WA,47.6694141,-122.1238767
Indio,CA,33.7192808,-116.2188054
Thornton,CO,39.8695516,-104.985181
Valley View,OH,41.3878312,-81.6045685
Stratford,CT,41.1845415,-73.1331651
McDonough,GA,33.4473361,-84.1468616
Catlett,VA,38.654116,-77.6382623
Brisbane,CA,37.687165,-122.402794
Cockeysville,MD,39.4837588,-76.6235105
ST PETERSBURG,FL,27.7700475,-82.6359078
Owosso,MI,42.9975968,-84.1720541
Rochester,NH,43.3050631,-70.9753629
Bakersfield,CA,35.3738712,-119.019463
Princeton,IL,41.368092,-89.4648145
PHOENIX,AZ,33.4484367,-112.074141
St Louis Park,MN,44.9475726,-93.3569023
Union,NJ,40.6652251,-74.3045277
Edison,NJ,40.518157,-74.4113926
Crestwood,IL,41.6611444,-87.7525511
Manahawkin,NJ,39.690518,-74.2486427
Lynnwood,WA,47.8278656,-122.3053932
Dexter,MI,42.3372998,-83.8842
Elkridge,MD,39.1938631,-76.7420903
anaheim,CA,33.8347516,-117.911732
Quincy,MA,42.2509914,-71.0037374
Spanish Fork,UT,40.1150133,-111.6547774
Newport News,VA,36.9775016,-76.42977
Topeka,KS,39.049011,-95.677556
Geneseo,NY,42.795896,-77.816947
WESTLAKE VILLAGE,CA,34.1460234,-118.8061794
Mansfield,MA,42.0334326,-71.2189405
Sugarland,TX,29.6000008,-95.6230734
Savannah,GA,32.0790074,-81.0921335
Santa Fe Springs,CA,33.9480787,-118.0691499
Fox Lake,WI,43.565543,-88.9064984
Radnor,PA,40.0463001,-75.3595487
WOODLAND HILLS,CA,34.1684364,-118.6058382
Smithtown,NY,40.8559314,-73.2006687
Yardley,PA,40.245664,-74.8459972
Smock,PA,39.9981312,-79.7858321
SARASOTA,FL,27.3365805,-82.5308545
New Albany,IN,38.2856247,-85.8241312
Queensbury,NY,43.3618532,-73.6652451
Hunt Valley,MD,39.4962709,-76.6542571
Salisbury,MD,38.366027,-75.6009964
delray beach,FL,26.4614625,-80.0728201
Montgomery,TX,30.301949,-95.5065944
Deerfield,IL,42.1711365,-87.8445119
Quakertown,PA,40.4417682,-75.3415667
NEW ORLEANS,LA,29.9759983,-90.0782127
Palatine,IL,42.1105779,-88.0336888
West Henrietta,NY,43.0400626,-77.6616685
Howell,NJ,40.1413032,-74.2236618
Ofallon,MO,38.7345353,-90.6901508
Ahaheim,CA,,
Avondale,AZ,33.4355977,-112.349602
Wall,NJ,,
Frontenac,MO,38.6358442,-90.4149786
ASHBURN,VA,39.029784,-77.4744148
kenosha,WI,42.5846773,-87.8212263
Monroeville,PA,40.4211798,-79.7881025
Manchester,NH,42.9956397,-71.4547891
Victoria,TX,28.8026443,-96.9766308
Wyoming,MI,42.9132581,-85.7057035
St. Louis MO,MO,38.6280278,-90.1910154
Burr Ridge,IL,41.7502971,-87.9161818
North Salt Lake,UT,40.8485564,-111.906882
Mt. Holly,NJ,39.9928898,-74.7876624
McMurray,PA,40.2791485,-80.088632
Boothwyn,PA,39.8309418,-75.4396925
COLLEGEVILLE,PA,40.1856597,-75.451571
Pflugerville,TX,30.4393696,-97.6200043
Milpitas,CA,37.4332273,-121.8989248
Lisle,IL,41.801159,-88.0747687
Stevensville,MD,38.9777658,-76.3189393
Loveland,OH,39.2689476,-84.263826
Murrieta,CA,33.560832,-117.210656
Lakewood Ranch,FL,27.4091912,-82.3925244
Massapequa,NY,40.669501,-73.4698253
Genoa City,WI,42.4983517,-88.3281487
Manitowoc,WI,44.0998341,-87.827992
Frisco,CO,39.5744299,-106.0975196
Medford,NJ,39.9009472,-74.8234961
Grover Beach,CA,35.1209452,-120.621837
Burnsville,MN,44.7670567,-93.2773887
Diamond Bar,CA,34.0286226,-117.8103367
Mogadore,OH,41.050775,-81.393946
tempe,AZ,33.4255117,-111.940016
South Hackensack,NJ,40.8698546,-74.0500662
South Coast Metro,CA,33.69032,-117.8952063
Urbana,IA,42.223793,-91.8755241
Del Mar,CA,32.9594891,-117.2653146
Petoskey,MI,45.373343,-84.95533
WINTER PARK,FL,28.5977707,-81.3510264
Elm Grove,WI,43.0430679,-88.078978
Crystal Lake,IL,42.2411344,-88.3161965
Coconut Creek,FL,26.2517482,-80.1789351
Sandusky,OH,41.2951563,-83.1555438
Gold River,CA,38.6239434,-121.244024
La Porte,IN,41.6105983,-86.7225227
Maumee,OH,41.5628294,-83.6538244
Northport,NY,40.9009595,-73.343167
Toms River,NJ,39.9526791,-74.1968257
Campbell Hall,NY,41.4506548,-74.2659071
Tucker,GA,33.8532701,-84.2200729
Ontario,CA,34.065846,-117.64843
Narberth,PA,40.0084456,-75.26046
Windham,NH,42.8006441,-71.304229
GREAT NECK,NY,40.7870327,-73.7267563
Freeburg,MO,38.3150421,-91.9226705
Teaneck,NJ,40.8860164,-74.0072568
Wausau,WI,44.9597858,-89.6272791
Cranbury,NJ,40.3133907,-74.5201927
Garden City,MO,38.5611247,-94.1913332
DRAPER,UT,40.5247777,-111.8627989
Park CIty,UT,40.6460921,-111.4979963
EL PASO,TX,31.7601164,-106.4870404
Roselle,IL,41.9852583,-88.0799571
Lagrange,OH,41.2373401,-82.1198013
Deer Park,TX,29.7052284,-95.1238204
Hiawatha,IA,42.0385304,-91.6737592
Sedona,AZ,34.8688613,-111.7614394
Chula Vista,CA,32.6400541,-117.084195
St. Paul,MN,44.9497487,-93.0931028
Tyrone,GA,33.4713249,-84.5972005
Hainesport,NJ,39.9837234,-74.8271081
King,PA,40.2439663,-78.4641818
Dakota Dunes,SD,42.4904114,-96.4922517
Chadds Ford,PA,39.872027,-75.5914213
Pottstown,PA,40.2452976,-75.6496424
Oakland Park,FL,26.1723065,-80.1319893
Allendale,MI,42.9903205,-85.9529685
Needham,MA,42.2802645,-71.2360624
Lake Havasu City,AZ,34.4775296,-114.3379972
Wexford,PA,40.6264561,-80.055891
New Rochelle,NY,40.9115386,-73.7826363
Novi,MI,42.48059,-83.4754913
Mishawaka,IN,41.6611642,-86.1807031
West Bloomfield,MI,42.5676161,-83.3592564
Ruston,LA,32.5297498,-92.6386604
GOLDEN VALLEY,MN,44.9861176,-93.3784618
Saint Louis Park,MN,44.9475726,-93.3569023
FALLS CHURCH,VA,38.882334,-77.1710914
Westport,CT,41.1414855,-73.3578955
STANTON,CA,33.7941024,-117.9951044
East Providence,RI,41.8194081,-71.376257
Center Point,TX,32.9354032,-97.5430785
BUFORD,GA,34.1206564,-84.0043513
Exeter,NH,42.981477,-70.9478343
CALHOUN,GA,31.5311784,-84.614328
Fuquay-Varina,NC,35.5843849,-78.7998691
Effingham,IL,39.0520902,-88.6029006
Lake City,GA,33.6064989,-84.3352017
Eighty Four,PA,40.1827171,-80.1331455
Fall River,MA,41.7010642,-71.1546367
Port Washington,NY,40.8263965,-73.684993
Whitinsville,MA,42.11059,-71.6646624
Elkhart,IN,41.6012796,-85.8590603
Ada,MI,42.9547136,-85.4879523
Saline,MI,42.1667072,-83.7816075
Lumberton,NJ,39.9659459,-74.8051628
Beaufort,SC,32.3850708,-80.6923169
Olympia,WA,47.0451022,-122.8950075
Campbellsport,WI,43.5981718,-88.2849664
Encinitass,CA,,
Sevierville,TN,35.8672932,-83.5657167
Ferndale,WA,48.8466698,-122.589723
Torrington,CT,41.8006523,-73.1212214
RONKONKOMA,NY,40.8075225,-73.1359924
Tumwater,WA,47.0080655,-122.910368
Saint Petersburg,FL,27.7700475,-82.6359078
LEXINGTON PARK,MD,38.2494165,-76.4469969
